Parameter,0,1,2,3,4,5,6,7,8,9,10,11,12,13,14,15,16,17,18,19,20,21,22,23,24,25,26,27,28,29,30,31,32,33,34,35,36,37,38,39,40
unmatched_applicants,1399.0,1212.0,1214.0,1212.0,1212.0,1212.0,1212.0,1212.0,1212.0,1212.0,1212.0,1212.0,1212.0,1212.0,1214.0,1221.0,1227.0,1229.0,1266.0,1273.0,1268.0,1286.0,1299.0,1314.0,1314.0,1330.0,1335.0,1329.0,1347.0,1349.0,1353.0,1361.0,1362.0,1376.0,1367.0,1379.0,1387.0,1393.0,1384.0,1391.0,1362.0
unmatched_applicants,1409.0,1215.0,1212.0,1212.0,1212.0,1212.0,1212.0,1212.0,1212.0,1212.0,1212.0,1212.0,1212.0,1214.0,1215.0,1230.0,1226.0,1222.0,1250.0,1279.0,1268.0,1284.0,1305.0,1299.0,1319.0,1324.0,1343.0,1334.0,1350.0,1355.0,1354.0,1358.0,1369.0,1374.0,1376.0,1382.0,1378.0,1400.0,1405.0,1381.0,1391.0
unmatched_applicants,1401.0,1213.0,1214.0,1212.0,1212.0,1212.0,1212.0,1212.0,1212.0,1212.0,1212.0,1212.0,1212.0,1212.0,1214.0,1230.0,1223.0,1247.0,1259.0,1279.0,1266.0,1304.0,1299.0,1312.0,1324.0,1316.0,1343.0,1343.0,1352.0,1350.0,1371.0,1364.0,1366.0,1373.0,1376.0,1390.0,1385.0,1379.0,1391.0,1384.0,1398.0
unmatched_applicants,1413.0,1214.0,1212.0,1212.0,1212.0,1212.0,1212.0,1212.0,1212.0,1212.0,1212.0,1212.0,1212.0,1212.0,1218.0,1235.0,1240.0,1234.0,1262.0,1271.0,1278.0,1291.0,1294.0,1305.0,1325.0,1325.0,1346.0,1345.0,1318.0,1345.0,1365.0,1355.0,1366.0,1378.0,1385.0,1372.0,1383.0,1385.0,1370.0,1398.0,1401.0
unmatched_applicants,1411.0,1212.0,1212.0,1212.0,1212.0,1212.0,1212.0,1212.0,1212.0,1212.0,1212.0,1212.0,1212.0,1215.0,1217.0,1224.0,1221.0,1245.0,1240.0,1274.0,1266.0,1304.0,1295.0,1316.0,1308.0,1327.0,1336.0,1337.0,1339.0,1353.0,1354.0,1371.0,1366.0,1370.0,1376.0,1379.0,1368.0,1390.0,1380.0,1390.0,1392.0
unmatched_applicants,1412.0,1213.0,1212.0,1212.0,1212.0,1212.0,1212.0,1212.0,1212.0,1212.0,1212.0,1212.0,1212.0,1214.0,1212.0,1223.0,1231.0,1248.0,1272.0,1277.0,1281.0,1290.0,1295.0,1308.0,1315.0,1317.0,1336.0,1340.0,1343.0,1349.0,1371.0,1361.0,1381.0,1367.0,1377.0,1388.0,1372.0,1378.0,1395.0,1397.0,1392.0
unmatched_applicants,1400.0,1214.0,1212.0,1212.0,1212.0,1212.0,1212.0,1212.0,1212.0,1212.0,1212.0,1212.0,1212.0,1212.0,1214.0,1223.0,1235.0,1242.0,1273.0,1272.0,1270.0,1286.0,1307.0,1306.0,1312.0,1331.0,1313.0,1349.0,1345.0,1359.0,1359.0,1367.0,1354.0,1370.0,1370.0,1378.0,1389.0,1366.0,1386.0,1379.0,1396.0
unmatched_applicants,1410.0,1213.0,1212.0,1212.0,1212.0,1212.0,1212.0,1212.0,1212.0,1212.0,1212.0,1212.0,1212.0,1215.0,1219.0,1221.0,1229.0,1232.0,1255.0,1267.0,1272.0,1281.0,1306.0,1318.0,1321.0,1323.0,1333.0,1344.0,1352.0,1356.0,1357.0,1367.0,1373.0,1377.0,1380.0,1366.0,1399.0,1386.0,1367.0,1376.0,1379.0
unmatched_applicants,1387.0,1212.0,1212.0,1212.0,1212.0,1212.0,1212.0,1212.0,1212.0,1212.0,1212.0,1212.0,1212.0,1217.0,1221.0,1240.0,1220.0,1242.0,1251.0,1264.0,1265.0,1264.0,1306.0,1321.0,1310.0,1330.0,1335.0,1340.0,1357.0,1348.0,1357.0,1363.0,1365.0,1362.0,1380.0,1396.0,1393.0,1390.0,1381.0,1403.0,1397.0
unmatched_applicants,1400.0,1214.0,1212.0,1212.0,1212.0,1212.0,1212.0,1212.0,1212.0,1212.0,1212.0,1212.0,1212.0,1218.0,1212.0,1223.0,1228.0,1239.0,1253.0,1276.0,1296.0,1291.0,1297.0,1324.0,1317.0,1321.0,1341.0,1348.0,1338.0,1356.0,1363.0,1350.0,1381.0,1368.0,1376.0,1375.0,1386.0,1382.0,1386.0,1385.0,1394.0
unfilled_spots,187.0,0.0,2.0,0.0,0.0,0.0,0.0,0.0,0.0,0.0,0.0,0.0,0.0,0.0,2.0,9.0,15.0,17.0,54.0,61.0,56.0,74.0,87.0,102.0,102.0,118.0,123.0,117.0,135.0,137.0,141.0,149.0,150.0,164.0,155.0,167.0,175.0,181.0,172.0,179.0,150.0
unfilled_spots,197.0,3.0,0.0,0.0,0.0,0.0,0.0,0.0,0.0,0.0,0.0,0.0,0.0,2.0,3.0,18.0,14.0,10.0,38.0,67.0,56.0,72.0,93.0,87.0,107.0,112.0,131.0,122.0,138.0,143.0,142.0,146.0,157.0,162.0,164.0,170.0,166.0,188.0,193.0,169.0,179.0
unfilled_spots,189.0,1.0,2.0,0.0,0.0,0.0,0.0,0.0,0.0,0.0,0.0,0.0,0.0,0.0,2.0,18.0,11.0,35.0,47.0,67.0,54.0,92.0,87.0,100.0,112.0,104.0,131.0,131.0,140.0,138.0,159.0,152.0,154.0,161.0,164.0,178.0,173.0,167.0,179.0,172.0,186.0
unfilled_spots,201.0,2.0,0.0,0.0,0.0,0.0,0.0,0.0,0.0,0.0,0.0,0.0,0.0,0.0,6.0,23.0,28.0,22.0,50.0,59.0,66.0,79.0,82.0,93.0,113.0,113.0,134.0,133.0,106.0,133.0,153.0,143.0,154.0,166.0,173.0,160.0,171.0,173.0,158.0,186.0,189.0
unfilled_spots,199.0,0.0,0.0,0.0,0.0,0.0,0.0,0.0,0.0,0.0,0.0,0.0,0.0,3.0,5.0,12.0,9.0,33.0,28.0,62.0,54.0,92.0,83.0,104.0,96.0,115.0,124.0,125.0,127.0,141.0,142.0,159.0,154.0,158.0,164.0,167.0,156.0,178.0,168.0,178.0,180.0
unfilled_spots,200.0,1.0,0.0,0.0,0.0,0.0,0.0,0.0,0.0,0.0,0.0,0.0,0.0,2.0,0.0,11.0,19.0,36.0,60.0,65.0,69.0,78.0,83.0,96.0,103.0,105.0,124.0,128.0,131.0,137.0,159.0,149.0,169.0,155.0,165.0,176.0,160.0,166.0,183.0,185.0,180.0
unfilled_spots,188.0,2.0,0.0,0.0,0.0,0.0,0.0,0.0,0.0,0.0,0.0,0.0,0.0,0.0,2.0,11.0,23.0,30.0,61.0,60.0,58.0,74.0,95.0,94.0,100.0,119.0,101.0,137.0,133.0,147.0,147.0,155.0,142.0,158.0,158.0,166.0,177.0,154.0,174.0,167.0,184.0
unfilled_spots,198.0,1.0,0.0,0.0,0.0,0.0,0.0,0.0,0.0,0.0,0.0,0.0,0.0,3.0,7.0,9.0,17.0,20.0,43.0,55.0,60.0,69.0,94.0,106.0,109.0,111.0,121.0,132.0,140.0,144.0,145.0,155.0,161.0,165.0,168.0,154.0,187.0,174.0,155.0,164.0,167.0
unfilled_spots,175.0,0.0,0.0,0.0,0.0,0.0,0.0,0.0,0.0,0.0,0.0,0.0,0.0,5.0,9.0,28.0,8.0,30.0,39.0,52.0,53.0,52.0,94.0,109.0,98.0,118.0,123.0,128.0,145.0,136.0,145.0,151.0,153.0,150.0,168.0,184.0,181.0,178.0,169.0,191.0,185.0
unfilled_spots,188.0,2.0,0.0,0.0,0.0,0.0,0.0,0.0,0.0,0.0,0.0,0.0,0.0,6.0,0.0,11.0,16.0,27.0,41.0,64.0,84.0,79.0,85.0,112.0,105.0,109.0,129.0,136.0,126.0,144.0,151.0,138.0,169.0,156.0,164.0,163.0,174.0,170.0,174.0,173.0,182.0
reviews_per_program,468.3121693121693,472.015873015873,467.8624338624339,467.85714285714283,474.26984126984127,472.978835978836,448.63492063492066,334.994708994709,163.88359788359787,147.05820105820106,159.45502645502646,175.31746031746033,190.83597883597884,206.42857142857142,221.83597883597884,236.9047619047619,252.0952380952381,266.3915343915344,280.5291005291005,294.58730158730157,307.55026455026456,321.1798941798942,330.73015873015873,343.94179894179894,354.7936507936508,365.84656084656086,377.4550264550264,383.5608465608466,392.0899470899471,401.6825396825397,405.87301587301585,412.0687830687831,419.16931216931215,424.32804232804233,432.5291005291005,432.16402116402116,439.74074074074076,446.18518518518516,445.64550264550263,449.005291005291,452.0687830687831
reviews_per_program,474.4761904761905,476.7936507936508,470.83597883597884,472.23809523809524,467.07936507936506,470.43386243386243,444.35978835978835,311.81481481481484,167.9100529100529,147.16931216931218,159.44973544973544,175.31216931216932,191.005291005291,206.53968253968253,221.83597883597884,236.83597883597884,251.64021164021165,266.73015873015873,280.6878306878307,293.9259259259259,307.8888888888889,321.85714285714283,332.3862433862434,344.5608465608466,354.92063492063494,363.93650793650795,375.21693121693124,383.13227513227514,394.2804232804233,402.67724867724866,409.63492063492066,412.67724867724866,418.4232804232804,427.6084656084656,434.0952380952381,434.2433862433862,438.30687830687833,442.62433862433863,449.1798941798942,449.6084656084656,451.70899470899474
reviews_per_program,471.4074074074074,476.4867724867725,473.8888888888889,474.3174603174603,467.3862433862434,470.9259259259259,449.14814814814815,321.5608465608466,182.994708994709,145.17989417989418,159.38095238095238,175.16931216931218,190.87301587301587,206.52910052910053,221.86772486772486,237.26455026455025,251.68783068783068,266.74074074074076,280.23280423280426,294.989417989418,308.42857142857144,321.74074074074076,332.44973544973544,343.5820105820106,354.962962962963,366.16402116402116,374.74074074074076,383.85185185185185,394.6190476190476,402.33862433862436,408.7936507936508,414.3121693121693,417.4920634920635,427.32275132275134,429.0899470899471,439.5978835978836,441.32804232804233,442.8412698412698,449.86772486772486,451.53968253968253,457.1375661375661
reviews_per_program,474.1375661375661,465.29100529100526,475.56613756613757,473.7724867724868,468.1375661375661,470.25925925925924,451.9470899470899,302.75132275132273,173.60846560846562,147.12698412698413,159.55555555555554,175.2910052910053,191.03703703703704,206.08465608465607,221.85185185185185,237.17989417989418,251.1058201058201,266.26984126984127,280.2857142857143,293.6296296296296,307.5449735449736,320.87301587301585,333.1058201058201,344.30687830687833,352.7195767195767,364.9100529100529,374.2063492063492,386.07936507936506,392.8042328042328,400.35449735449737,405.8994708994709,414.16402116402116,419.74074074074076,427.3333333333333,427.7724867724868,436.4391534391534,441.76190476190476,443.1375661375661,449.3703703703704,454.1005291005291,450.7936507936508
reviews_per_program,467.968253968254,470.5925925925926,472.3809523809524,467.1164021164021,471.1164021164021,471.5079365079365,447.015873015873,316.4867724867725,174.9206349206349,145.53968253968253,159.42857142857142,175.3968253968254,190.85714285714286,206.37037037037038,221.7195767195767,237.13227513227514,251.7883597883598,266.44444444444446,280.4973544973545,294.8835978835979,307.2645502645503,320.8412698412698,332.95767195767195,343.4867724867725,353.978835978836,367.005291005291,374.44973544973544,383.2275132275132,394.1111111111111,400.031746031746,407.7195767195767,415.36507936507934,420.6878306878307,427.1164021164021,429.24867724867727,436.53439153439155,443.83597883597884,444.23809523809524,445.962962962963,446.85714285714283,451.55555555555554
reviews_per_program,468.3492063492063,469.1005291005291,472.6190476190476,472.4391534391534,472.031746031746,465.1957671957672,450.7142857142857,335.0,184.75661375661375,147.3015873015873,159.42328042328043,175.27513227513228,191.02645502645504,206.53968253968253,221.95238095238096,237.37566137566137,251.58201058201058,266.4021164021164,280.2857142857143,294.35449735449737,307.7566137566138,320.75132275132273,332.37566137566137,343.7566137566138,356.021164021164,363.67724867724866,375.02645502645504,388.2275132275132,393.51851851851853,402.1005291005291,407.1798941798942,413.6666666666667,420.25396825396825,425.95767195767195,430.85714285714283,435.6031746031746,440.15343915343914,442.14814814814815,447.7989417989418,448.978835978836,453.7724867724868
reviews_per_program,470.1216931216931,468.12698412698415,475.46560846560845,468.4761904761905,467.2857142857143,465.8042328042328,446.37566137566137,329.5925925925926,178.86772486772486,150.82539682539684,159.4973544973545,175.33333333333334,191.02116402116403,206.37037037037038,221.85185185185185,237.08465608465607,251.8994708994709,266.16931216931215,280.53439153439155,293.53968253968253,307.23280423280426,319.84656084656086,331.989417989418,343.7195767195767,354.6084656084656,365.84656084656086,375.8253968253968,384.22222222222223,394.30687830687833,399.5449735449736,408.1058201058201,418.2433862433862,420.4391534391534,425.57142857142856,427.7566137566138,437.32275132275134,440.005291005291,443.48148148148147,448.015873015873,445.021164021164,452.7883597883598
reviews_per_program,473.5767195767196,467.9259259259259,463.0529100529101,468.48148148148147,469.67195767195767,474.7989417989418,454.3968253968254,321.84656084656086,178.2116402116402,146.93121693121694,159.4021164021164,175.25925925925927,191.0899470899471,206.57671957671957,222.22222222222223,237.07407407407408,252.15873015873015,266.24867724867727,280.8253968253968,294.5925925925926,307.36507936507934,321.18518518518516,333.2645502645503,343.4179894179894,353.9047619047619,365.84656084656086,373.5238095238095,384.4021164021164,393.67724867724866,401.43386243386243,409.5132275132275,416.33862433862436,421.4391534391534,426.1587301587302,433.5608465608466,433.78306878306876,437.2804232804233,442.1375661375661,446.4920634920635,450.4867724867725,452.1746031746032
reviews_per_program,469.63492063492066,467.16402116402116,475.7566137566138,470.0899470899471,467.1005291005291,472.93650793650795,449.984126984127,316.0740740740741,166.53968253968253,143.5873015873016,159.42857142857142,175.2962962962963,190.8148148148148,206.46560846560845,221.88359788359787,236.8148148148148,251.44444444444446,266.3968253968254,281.1164021164021,294.6984126984127,308.63492063492066,320.04232804232805,332.3862433862434,343.67724867724866,354.2645502645503,364.4021164021164,375.83597883597884,384.0687830687831,390.97354497354496,400.5238095238095,408.46560846560845,414.6137566137566,418.7936507936508,428.7883597883598,432.56613756613757,439.4708994708995,437.87301587301585,450.2116402116402,446.5079365079365,450.7936507936508,454.25925925925924
reviews_per_program,468.5608465608466,470.5132275132275,467.994708994709,480.64550264550263,472.8835978835979,471.92063492063494,450.0,321.1587301587302,181.16931216931218,145.4973544973545,159.43915343915344,175.25925925925927,190.83068783068782,206.4126984126984,221.67195767195767,236.8783068783069,251.8148148148148,266.1957671957672,280.42857142857144,294.16402116402116,308.1904761904762,319.9100529100529,332.1798941798942,344.1058201058201,354.1375661375661,367.3492063492063,375.06349206349205,384.32804232804233,393.73015873015873,401.8783068783069,407.8042328042328,414.8994708994709,421.83597883597884,429.2010582010582,431.5238095238095,437.3121693121693,441.84656084656086,441.5291005291005,449.95238095238096,447.989417989418,455.8095238095238
pct_interview_given_signal,0.0,1.0,1.0,1.0,1.0,1.0,0.9977349317717253,0.9717289387697116,0.892189765900145,0.7977668865386741,0.7187178551282477,0.653689452240833,0.600532327825219,0.5551710880430604,0.5166122069310946,0.4837520938023451,0.4546026948747009,0.4302057678557242,0.4085250848736326,0.38902958133520127,0.3726323395324032,0.3568192675815034,0.3465156459973123,0.3332051380663026,0.3230136005726557,0.3132547545014101,0.3036207404084722,0.29878746913495097,0.29228796977261995,0.28530783213467165,0.28236214313648805,0.2781166138082459,0.27340545043737297,0.2700815481682835,0.26496061065714144,0.26518444153331944,0.26061532167823753,0.2568511425488266,0.2571621926460636,0.25523791567486037,0.2535082688638944
pct_interview_given_signal,0.0,1.0,1.0,1.0,1.0,1.0,0.9958568114020551,0.9683667187573992,0.8924798011187073,0.7978550895555392,0.718741704273958,0.6537091809017928,0.6,0.5548724254534276,0.5166122069310946,0.48389258746257985,0.4554247266610597,0.42965960485598664,0.40829406220546655,0.3899049539170507,0.372222508635356,0.35606845194062237,0.34478916285955336,0.33260649242959367,0.3228980322003578,0.3148988136775994,0.3054317784421005,0.29912169253714854,0.29066412592761576,0.2846030536357186,0.2797690549075832,0.27770654905379766,0.27389292127159154,0.26800960182137645,0.2640046804153869,0.26391461156058094,0.26146788990825687,0.25891747155015776,0.2551387007479828,0.25489549990585575,0.2537101894041442
pct_interview_given_signal,0.0,1.0,1.0,1.0,1.0,1.0,0.9975693293558723,0.9689852739239547,0.8889027069601625,0.798157361341441,0.7190518872622249,0.6542423052526656,0.6004158004158004,0.5549008556642927,0.5165382872677843,0.48301853132038447,0.45533856082742963,0.42964255960645853,0.4089570274148478,0.3884992735816907,0.37157120065874116,0.3561972734299199,0.3447233141820381,0.33355406008900934,0.3228595277844026,0.31298316595621706,0.3058198966481236,0.2985609527485251,0.2904147057640481,0.28484258699139947,0.2803448008076415,0.2766106889726071,0.2745038400121664,0.26818879698875736,0.26708426841599053,0.2607000144432141,0.2596779801225258,0.2587906376572637,0.2547486033519553,0.25380532217808555,0.2506973460340976
pct_interview_given_signal,0.0,1.0,1.0,1.0,1.0,1.0,0.997293116782676,0.9710186105980964,0.8904637573044883,0.7979139024030665,0.7182650218861918,0.6537881074554784,0.5999002935800144,0.5560975609756098,0.5165752444550441,0.48319093403529123,0.45639394003244904,0.43040238450074514,0.4088798278400725,0.39029839988467635,0.3726387503010701,0.3571605243630967,0.3440443477294026,0.3328518302240526,0.3249129965198608,0.31405869388702007,0.30625662778366913,0.2968383834230975,0.2917564655172414,0.2862542455760107,0.2823437398162028,0.27670963373660207,0.2730332404734593,0.26818215585766286,0.26790683867456616,0.262586831864415,0.25942294563616114,0.258617601757549,0.25503055421459775,0.2523740168948442,0.25422535211267605
pct_interview_given_signal,0.0,1.0,1.0,1.0,1.0,1.0,0.9964092365484477,0.9693152760678094,0.8914314140032334,0.7978111872650896,0.718837116686579,0.653393665158371,0.6004657351962741,0.5553276587016717,0.5168834267987114,0.4832879646570574,0.45515676220896023,0.43012033837721914,0.40857132078318936,0.3886386880304308,0.3729788369810411,0.35719586404789,0.34419742884838467,0.3336465441550239,0.32375713730531225,0.31226572862003343,0.30605756595215555,0.29904735606792765,0.29078899673768577,0.2864851995873343,0.28108332576337614,0.2759095077957811,0.2724185637026789,0.26831836481882937,0.2669855043881274,0.26252954366402037,0.2582106455266138,0.25797691785471827,0.2569791308268179,0.2564649048025007,0.2537964004499438
pct_interview_given_signal,0.0,1.0,1.0,1.0,1.0,1.0,0.9986189371340184,0.972243273967412,0.889561145414612,0.7978550895555392,0.7188609737479672,0.6538473148791016,0.59993352537115,0.5548724254534276,0.5163412715440178,0.48279243937232524,0.4555300847546741,0.43018867924528303,0.4088798278400725,0.38933726385418727,0.3723824914898738,0.3572960311438092,0.34480014008500615,0.3333846390641835,0.3218998929972655,0.31512329962901,0.3055869074492099,0.29519591141396934,0.29122689075630254,0.2850112504440965,0.2814558779578206,0.2770423237788266,0.27269980359570933,0.26904826969418427,0.2659888004715591,0.26309076995955255,0.2603709625070622,0.25919632386377234,0.25592551456861307,0.2552529549713047,0.252556463743106
pct_interview_given_signal,0.0,1.0,1.0,1.0,1.0,1.0,0.9973483592973152,0.9716369146266395,0.8918168634762793,0.7976563363673214,0.7185271189251949,0.6536302734021365,0.5999501426474254,0.5553276587016717,0.5165752444550441,0.48338503425651097,0.4549559957150959,0.4305649425515843,0.40851737990607495,0.3904179959984859,0.37301737647889505,0.3583067277629816,0.34520128773148884,0.3334205624740237,0.3231822861491174,0.3132547545014101,0.30493728090552014,0.29827315541601257,0.2906446245504804,0.2868342294144132,0.2808173002126225,0.2740107276591438,0.2725796911770258,0.26929245458953416,0.2679167800509611,0.2620562828175285,0.2604586284436214,0.25841704645780145,0.2558015943312666,0.2575229761381065,0.25310539046706476
pct_interview_given_signal,0.0,1.0,1.0,1.0,1.0,1.0,0.9985084521047398,0.9678901255031968,0.8881200016574815,0.7976199248397318,0.7189564178311814,0.6539065330274122,0.599734189832761,0.5547729426529724,0.5157142857142857,0.4834066105742406,0.45448822862898147,0.4304365970469585,0.4080940538096315,0.38902259420237795,0.3728568477587275,0.35681338956246705,0.34388048327432647,0.33371337010445873,0.3238249013275924,0.3132547545014101,0.3068162502124766,0.29813356824313164,0.291109468449701,0.2854845724980559,0.27985219256311533,0.2752643350955673,0.27193290815045446,0.26892133492252684,0.26433008310654965,0.2641946697566628,0.2620816494446192,0.25920252740414534,0.2566746062782182,0.25439853421343167,0.2534489416224945
pct_interview_given_signal,0.0,1.0,1.0,1.0,1.0,0.9997348359297316,0.9980112694729865,0.9690697233800682,0.8925136793234952,0.7981428255582578,0.718837116686579,0.6537683740303644,0.6005989352262644,0.5550714981292604,0.5165013353681801,0.4839358327002994,0.4557793068619405,0.430197223380802,0.4076716041482374,0.3888829042335452,0.3713227730919564,0.3580875545562756,0.34478916285955336,0.3334616272804249,0.32349602724177073,0.3144964571959577,0.30492869511353876,0.29839231839534913,0.29312258099439736,0.28613323821979153,0.2805699481865285,0.276409484188765,0.27365069739235903,0.2672721215187374,0.2649379242859764,0.2607753431254515,0.26172696295222214,0.2545540016453167,0.2566654816921436,0.25422535211267605,0.25228583076116706
pct_interview_given_signal,0.0,1.0,1.0,1.0,1.0,1.0,0.9975693293558723,0.9707358651387442,0.8884052563943124,0.7980177591098339,0.7187894073139974,0.6539065330274122,0.600548978290404,0.5552137803752691,0.5169944624785182,0.48380612016975655,0.4551089445926922,0.4305221522132337,0.40867153449934907,0.3895893663327158,0.3718582612278533,0.35823561516960784,0.3450033449077761,0.333046312811366,0.3236120241439073,0.3119733828803526,0.3055567311354691,0.29819102948869736,0.29107034872001614,0.28516884997696,0.28102497567304574,0.27621913895123446,0.2716770980972569,0.26701512592610854,0.2655778709629957,0.262062624013938,0.2593732412075345,0.2595597310932426,0.2547006737926412,0.25581670012991614,0.25142777545619166
pct_interview_given_nosignal,0.24471534611517212,0.2162911571571107,0.18965433537236626,0.15885554463678284,0.12365764674032152,0.08848307046347634,0.051193811237041566,0.016781981451494184,0.0019676804610879567,0.00017773756241012135,0.0,0.0,0.0,0.0,0.0,0.0,0.0,0.0,0.0,0.0,0.0,0.0,0.0,0.0,0.0,0.0,0.0,0.0,0.0,0.0,0.0,0.0,0.0,0.0,0.0,0.0,0.0,0.0,0.0,0.0,0.0
pct_interview_given_nosignal,0.24153619697577947,0.214048704318174,0.18836945777177713,0.15721553078476846,0.12586274767090933,0.08905955815623011,0.05137160633484163,0.017939146149971854,0.0018417902200939312,0.00017708802884924978,0.0,0.0,0.0,0.0,0.0,0.0,0.0,0.0,0.0,0.0,0.0,0.0,0.0,0.0,0.0,0.0,0.0,0.0,0.0,0.0,0.0,0.0,0.0,0.0,0.0,0.0,0.0,0.0,0.0,0.0,0.0
pct_interview_given_nosignal,0.24310855706204543,0.21419133951447053,0.18706827405394405,0.15644891122278057,0.1257670320448943,0.08894751082251082,0.05077745041374741,0.017491261681559588,0.003326384205040162,3.2989690721649485e-05,0.0,0.0,0.0,0.0,0.0,0.0,0.0,0.0,0.0,0.0,0.0,0.0,0.0,0.0,0.0,0.0,0.0,0.0,0.0,0.0,0.0,0.0,0.0,0.0,0.0,0.0,0.0,0.0,0.0,0.0,0.0
pct_interview_given_nosignal,0.24170869972771503,0.21952827855822332,0.18636103425245681,0.1566491079858868,0.12553330715874886,0.08909938477382985,0.051054493984430294,0.01739222093390956,0.002648684030261976,0.00017717074427819028,0.0,0.0,0.0,0.0,0.0,0.0,0.0,0.0,0.0,0.0,0.0,0.0,0.0,0.0,0.0,0.0,0.0,0.0,0.0,0.0,0.0,0.0,0.0,0.0,0.0,0.0,0.0,0.0,0.0,0.0,0.0
pct_interview_given_nosignal,0.244895190285598,0.21696828629618853,0.18770871873723663,0.1591362293964712,0.12461512478401518,0.08881534513035257,0.05114414376261664,0.017320427916454408,0.0024162820234813046,0.00014569000404694455,0.0,0.0,0.0,0.0,0.0,0.0,0.0,0.0,0.0,0.0,0.0,0.0,0.0,0.0,0.0,0.0,0.0,0.0,0.0,0.0,0.0,0.0,0.0,0.0,0.0,0.0,0.0,0.0,0.0,0.0,0.0
pct_interview_given_nosignal,0.2446959940351115,0.21768270611725418,0.18760730451069144,0.15714107676969094,0.12433567521323205,0.09027005505443662,0.05028630775276483,0.016603221083455345,0.002973225643304878,0.00017808285709660184,0.0,0.0,0.0,0.0,0.0,0.0,0.0,0.0,0.0,0.0,0.0,0.0,0.0,0.0,0.0,0.0,0.0,0.0,0.0,0.0,0.0,0.0,0.0,0.0,0.0,0.0,0.0,0.0,0.0,0.0,0.0
pct_interview_given_nosignal,0.2437734235197461,0.21815139423583238,0.1864032733302318,0.15862173076197306,0.1257983711261787,0.09012775523631977,0.050463209157826976,0.01684944869786278,0.0020894788593903636,0.00022849681736575813,0.0,0.0,0.0,0.0,0.0,0.0,0.0,0.0,0.0,0.0,0.0,0.0,0.0,0.0,0.0,0.0,0.0,0.0,0.0,0.0,0.0,0.0,0.0,0.0,0.0,0.0,0.0,0.0,0.0,0.0,0.0
pct_interview_given_nosignal,0.2419949500592139,0.21824844007913746,0.19177006246701767,0.15861973531927742,0.1250586701434159,0.08807533622675882,0.05039854919657543,0.01783084751199172,0.003441218828166452,0.00018020674628528365,0.0,0.0,0.0,0.0,0.0,0.0,0.0,0.0,0.0,0.0,0.0,0.0,0.0,0.0,0.0,0.0,0.0,0.0,0.0,0.0,0.0,0.0,0.0,0.0,0.0,0.0,0.0,0.0,0.0,0.0,0.0
pct_interview_given_nosignal,0.24402609254064284,0.21861697761412807,0.18628105478994803,0.1580154393703945,0.12585614191618338,0.08805225049185593,0.05084817702069863,0.0176982021809608,0.0019798940986877444,0.0,0.0,0.0,0.0,0.0,0.0,0.0,0.0,0.0,0.0,0.0,0.0,0.0,0.0,0.0,0.0,0.0,0.0,0.0,0.0,0.0,0.0,0.0,0.0,0.0,0.0,0.0,0.0,0.0,0.0,0.0,0.0
pct_interview_given_nosignal,0.24458546940987827,0.2170061692468863,0.18959680648409916,0.15416121578168748,0.12407673302546988,0.08872186538565337,0.05122370909711458,0.01701803030969881,0.0035068912710566618,1.598925522049183e-05,0.0,0.0,0.0,0.0,0.0,0.0,0.0,0.0,0.0,0.0,0.0,0.0,0.0,0.0,0.0,0.0,0.0,0.0,0.0,0.0,0.0,0.0,0.0,0.0,0.0,0.0,0.0,0.0,0.0,0.0,0.0
pct_interview_given_application,0.24471534611517212,0.24279517099909204,0.24495058014611087,0.24495335029686174,0.24164128652230663,0.24230085129708143,0.24496166112505938,0.2432423327007086,0.2442544937865085,0.2432997101970211,0.24180044207283038,0.2406532970390534,0.2423279594553774,0.24350758853288365,0.24408934165746354,0.2432423327007086,0.2460133569578847,0.24507529898960184,0.24391891891891893,0.24414436754660834,0.24268363734146015,0.2435294911290504,0.24666332619687514,0.24438126184673706,0.2442269529135847,0.24345558565342984,0.24295312552578152,0.2436856612476796,0.24480661859445285,0.2430621794799861,0.24527789101780134,0.24522235304773118,0.24378439824871412,0.24544743730665064,0.24151734442424985,0.24639395731901534,0.24395188538991755,0.24045826949976687,0.24323140672199076,0.24403709003233548,0.24395738066812336
pct_interview_given_application,0.24153619697577947,0.2403622078700313,0.2434036049804468,0.2426809182884609,0.24536124515734384,0.2436116609681483,0.24385850352390173,0.24440607968586034,0.2425830729429157,0.2426890756302521,0.2433899295450204,0.24450816156051747,0.24574540503744044,0.24053837953091683,0.24397111994683549,0.24373501974861309,0.24282783439276226,0.24242017258167411,0.2447512938145495,0.24343369634849454,0.2432696519424509,0.23858304143810719,0.24353222923061354,0.24334617847633386,0.24381732836543332,0.24784593731763413,0.24215186477059297,0.24445021273714265,0.24277612141047772,0.24096117476916232,0.2419003584949911,0.24494781005801394,0.24544743730665064,0.24130478376150263,0.24203280740177893,0.24299128327668024,0.2446351931330472,0.2445468093754234,0.24189495549624204,0.24380635067142423,0.24357878637938016
pct_interview_given_application,0.24310855706204543,0.24051701163720351,0.2418355384357729,0.24161702697275952,0.245200144901286,0.2433571147688332,0.24326418760318513,0.24202198980960044,0.24239304378965745,0.2468094804010939,0.24323686958865343,0.2434637951577007,0.242030102913077,0.24280605782057463,0.24339266450916935,0.2438392867194272,0.24718972895863053,0.2384937238493724,0.24403709003233548,0.24223039846117717,0.24230085129708143,0.24039688793687083,0.24405908798972384,0.24213291599128053,0.24234151580925956,0.24251245591446005,0.24407833945595095,0.24480661859445285,0.24247444838742177,0.23988836220263146,0.24114896459585838,0.24312220089571338,0.244914573887086,0.2417977427745342,0.24474299725426832,0.23896997981001555,0.2435459206620491,0.24355139766568468,0.2419922464164814,0.24198143244964307,0.2406853866411832
pct_interview_given_application,0.24170869972771503,0.2463042983852627,0.24098262165950912,0.24189495549624204,0.24480661859445285,0.24370211185994442,0.2440508382909681,0.24746932340104655,0.24114359511032932,0.24277340028469271,0.24028754631581284,0.24049030710812072,0.2427543541120301,0.2464303999089823,0.24448884223358505,0.24448884223358505,0.24645563570989693,0.24234151580925956,0.24557544699039693,0.2458179176975282,0.2443702333137777,0.24346653178216152,0.2431686013876103,0.24205985561341947,0.24366647167349142,0.24460480401124776,0.24372404946495482,0.24065864471184295,0.2434473767027829,0.24500599506820803,0.2456757216582544,0.24227916913681055,0.24335984899555077,0.24284961487145565,0.2460972118072125,0.24323140672199076,0.24214374350202905,0.24262383224679077,0.242365921068827,0.23999468155830342,0.24419941825069336
pct_interview_given_application,0.244895190285598,0.2435294911290504,0.24260752688172044,0.24534179079118762,0.24325872350939454,0.2430567244571621,0.24353222923061354,0.24114091045723257,0.24423521452331284,0.243608921080157,0.24178424718699768,0.24027155344544526,0.24169251712825549,0.24225207189272013,0.24416638484950964,0.24288501648388616,0.24319863467433164,0.24055707955264824,0.24342822463727395,0.24281150159744408,0.24195710455764075,0.24062923545226297,0.2443840191355169,0.24165476615494466,0.24501430946913566,0.24089685699668573,0.24313584626091642,0.24494504003256887,0.24257492272544012,0.24290408316605175,0.24408384043272482,0.24144734642009164,0.24287412258078986,0.24093169152734675,0.24430132752845107,0.2419273771096045,0.24026089271452658,0.24281966772045468,0.24371856469343894,0.24597703760064504,0.24365276668504
pct_interview_given_application,0.2446959940351115,0.24430408301376044,0.24248530646515534,0.2425776394037473,0.2427870065236398,0.24635472350492482,0.2424066074266401,0.24224936250167764,0.2423360930857015,0.243636322733766,0.24174107142857143,0.24418840612387543,0.24309491475965478,0.2425504753586186,0.24506698044895003,0.24274075153253913,0.24558936913238696,0.24344190437655944,0.24161702697275952,0.24493119084504653,0.24427377609364956,0.242585789803781,0.24150926566019223,0.24495058014611087,0.24142850773552096,0.2452251293488967,0.24301309308770236,0.23944284766747734,0.24058112671050294,0.24320955770893452,0.24344190437655944,0.24384203179177738,0.24119730072826887,0.24224936250167764,0.2447900185344243,0.2431549523456707,0.2446324301735919,0.24425724821543354,0.24343096046213672,0.24366921285619467,0.24218706323027897
pct_interview_given_application,0.2437734235197461,0.24481215244812152,0.24103357332828862,0.24462966727654673,0.2452528958184721,0.2460329179776685,0.24184903974988833,0.24398211248408935,0.2427625163915134,0.24500322372662797,0.24365002587234807,0.24210043926811003,0.24405908798972384,0.24314130483588522,0.24390793207513176,0.24203551195092243,0.2439134253733024,0.24553647338887943,0.24372404946495482,0.24286595279475248,0.2455921537502126,0.2406880611609921,0.24519181788338107,0.24346653178216152,0.24175186392249653,0.24430132752845107,0.24234151580925956,0.24456613786484502,0.2419922464164814,0.24351306381256466,0.2437734235197461,0.24043691583597895,0.2423279594553774,0.24447780398884839,0.24547247217751988,0.24210585145028782,0.24365550755939525,0.24230898310773016,0.2427897279544461,0.24601894550328252,0.24302127277623192
pct_interview_given_application,0.2419949500592139,0.2449173432235012,0.24749477244421084,0.24462690444190957,0.2440068493150685,0.24137200931611263,0.24272987056648176,0.2414608044234371,0.24040489245044286,0.24562557409024416,0.24267548036524564,0.24314949315791246,0.24338172502134928,0.24278428515384184,0.24074423981060564,0.2434993760750059,0.24233067060481978,0.2425151711937658,0.2443978065127615,0.2415981618016129,0.24376244977885816,0.24354865913307472,0.24312765885799595,0.24265101272629502,0.24554482383349205,0.24207879295892706,0.24650331743845952,0.24372404946495482,0.24359248304636805,0.24119998663711986,0.24264557614321242,0.24131553733371955,0.24154427754173496,0.2429476753967809,0.24087006805747074,0.2445136819290165,0.24521124847167505,0.24395738066812336,0.24286867599569428,0.24201658137612014,0.24213832962561346
pct_interview_given_application,0.24402609254064284,0.24531678256733186,0.24088614070597655,0.24378988598376986,0.24535012799891256,0.24119730072826887,0.24396562404964914,0.2434473767027829,0.24261024429037065,0.2406345820557259,0.242637421725347,0.24421318480601625,0.24093705158010656,0.24311128570626858,0.243187712620836,0.24447228524023973,0.2452528958184721,0.2422900097318702,0.24368840286215743,0.24470152288851732,0.24297765413263933,0.24307309026024307,0.24362536133262847,0.24422419916787877,0.24527789101780134,0.24197061944925433,0.2434036049804468,0.24376244977885816,0.24637994380808298,0.24516684022275548,0.24343916830570386,0.24207608744244266,0.24563393059650715,0.24287956941018166,0.24171409440910613,0.24053837953091683,0.24352127719377142,0.2386566473478922,0.242585789803781,0.2431686013876103,0.24279244944626283
pct_interview_given_application,0.24458546940987827,0.24357056911849045,0.24488134673435008,0.23843596574271814,0.24234965034965034,0.2428441693854899,0.24496443152644734,0.2426048095339434,0.24221956319962426,0.24151734442424985,0.24365550755939525,0.24246087715763315,0.2453779227841218,0.24488688396703184,0.24211397017728198,0.24322867538067647,0.24256948955136964,0.24258035614290513,0.2439216657845246,0.2454335312514164,0.2421193829644534,0.2423577854361545,0.24560050798258345,0.24403709003233548,0.2444171114546542,0.24110601540585067,0.24371856469343894,0.24461032874453692,0.24198143244964307,0.24198413585074294,0.24138276888101368,0.2421762318451682,0.24239304378965745,0.24222498070922938,0.24245002126754572,0.2442765309574828,0.24155235864837737,0.2440673382462308,0.2409987093328586,0.24491180461329715,0.24186524331688145
pct_of_app_match_via_signal_given_matched,0.0,0.997229916897507,1.0,1.0,1.0,1.0,1.0,1.0,1.0,1.0,1.0,1.0,1.0,1.0,1.0,1.0,1.0,1.0,1.0,1.0,1.0,1.0,1.0,1.0,1.0,1.0,1.0,1.0,1.0,1.0,1.0,1.0,1.0,1.0,1.0,1.0,1.0,1.0,1.0,1.0,1.0
pct_of_app_match_via_signal_given_matched,0.0,0.9938956714761377,1.0,1.0,1.0,1.0,1.0,1.0,1.0,1.0,1.0,1.0,1.0,1.0,1.0,1.0,1.0,1.0,1.0,1.0,1.0,1.0,1.0,1.0,1.0,1.0,1.0,1.0,1.0,1.0,1.0,1.0,1.0,1.0,1.0,1.0,1.0,1.0,1.0,1.0,1.0
pct_of_app_match_via_signal_given_matched,0.0,0.9950110864745011,1.0,1.0,1.0,1.0,1.0,1.0,1.0,1.0,1.0,1.0,1.0,1.0,1.0,1.0,1.0,1.0,1.0,1.0,1.0,1.0,1.0,1.0,1.0,1.0,1.0,1.0,1.0,1.0,1.0,1.0,1.0,1.0,1.0,1.0,1.0,1.0,1.0,1.0,1.0
pct_of_app_match_via_signal_given_matched,0.0,0.9972268441486412,1.0,1.0,1.0,1.0,1.0,1.0,1.0,1.0,1.0,1.0,1.0,1.0,1.0,1.0,1.0,1.0,1.0,1.0,1.0,1.0,1.0,1.0,1.0,1.0,1.0,1.0,1.0,1.0,1.0,1.0,1.0,1.0,1.0,1.0,1.0,1.0,1.0,1.0,1.0
pct_of_app_match_via_signal_given_matched,0.0,0.9939058171745152,1.0,1.0,1.0,1.0,1.0,1.0,1.0,1.0,1.0,1.0,1.0,1.0,1.0,1.0,1.0,1.0,1.0,1.0,1.0,1.0,1.0,1.0,1.0,1.0,1.0,1.0,1.0,1.0,1.0,1.0,1.0,1.0,1.0,1.0,1.0,1.0,1.0,1.0,1.0
pct_of_app_match_via_signal_given_matched,0.0,0.996119733924612,0.9994459833795014,1.0,1.0,1.0,1.0,1.0,1.0,1.0,1.0,1.0,1.0,1.0,1.0,1.0,1.0,1.0,1.0,1.0,1.0,1.0,1.0,1.0,1.0,1.0,1.0,1.0,1.0,1.0,1.0,1.0,1.0,1.0,1.0,1.0,1.0,1.0,1.0,1.0,1.0
pct_of_app_match_via_signal_given_matched,0.0,0.9894620077648364,0.9988919667590028,1.0,1.0,1.0,1.0,1.0,1.0,1.0,1.0,1.0,1.0,1.0,1.0,1.0,1.0,1.0,1.0,1.0,1.0,1.0,1.0,1.0,1.0,1.0,1.0,1.0,1.0,1.0,1.0,1.0,1.0,1.0,1.0,1.0,1.0,1.0,1.0,1.0,1.0
pct_of_app_match_via_signal_given_matched,0.0,0.9922394678492239,1.0,1.0,1.0,1.0,1.0,1.0,1.0,1.0,1.0,1.0,1.0,1.0,1.0,1.0,1.0,1.0,1.0,1.0,1.0,1.0,1.0,1.0,1.0,1.0,1.0,1.0,1.0,1.0,1.0,1.0,1.0,1.0,1.0,1.0,1.0,1.0,1.0,1.0,1.0
pct_of_app_match_via_signal_given_matched,0.0,0.9961218836565097,1.0,1.0,1.0,1.0,1.0,1.0,1.0,1.0,1.0,1.0,1.0,1.0,1.0,1.0,1.0,1.0,1.0,1.0,1.0,1.0,1.0,1.0,1.0,1.0,1.0,1.0,1.0,1.0,1.0,1.0,1.0,1.0,1.0,1.0,1.0,1.0,1.0,1.0,1.0
pct_of_app_match_via_signal_given_matched,0.0,0.9955629506378258,1.0,1.0,1.0,1.0,1.0,1.0,1.0,1.0,1.0,1.0,1.0,1.0,1.0,1.0,1.0,1.0,1.0,1.0,1.0,1.0,1.0,1.0,1.0,1.0,1.0,1.0,1.0,1.0,1.0,1.0,1.0,1.0,1.0,1.0,1.0,1.0,1.0,1.0,1.0
