Parameter,0,1,2,3,4,5,6,7,8,9,10,11,12,13,14,15,16,17,18,19,20,21,22,23,24,25,26,27,28,29,30,31,32,33,34,35
unmatched_applicants,624.0,562.0,562.0,562.0,562.0,562.0,562.0,562.0,562.0,562.0,562.0,562.0,562.0,562.0,562.0,563.0,565.0,566.0,566.0,565.0,571.0,578.0,583.0,586.0,596.0,593.0,598.0,609.0,610.0,602.0,607.0,605.0,606.0,606.0,606.0,610.0
unmatched_applicants,617.0,562.0,562.0,562.0,562.0,562.0,562.0,562.0,562.0,562.0,562.0,562.0,562.0,562.0,562.0,563.0,564.0,566.0,565.0,566.0,571.0,576.0,579.0,590.0,596.0,600.0,603.0,605.0,605.0,607.0,602.0,610.0,608.0,602.0,610.0,612.0
unmatched_applicants,619.0,562.0,562.0,562.0,562.0,562.0,562.0,562.0,562.0,562.0,562.0,562.0,562.0,562.0,562.0,565.0,562.0,565.0,566.0,566.0,570.0,577.0,585.0,587.0,597.0,599.0,601.0,602.0,602.0,607.0,609.0,608.0,607.0,608.0,603.0,607.0
unmatched_applicants,619.0,562.0,562.0,562.0,562.0,562.0,562.0,562.0,562.0,562.0,562.0,562.0,562.0,562.0,562.0,563.0,562.0,566.0,565.0,568.0,569.0,573.0,584.0,585.0,594.0,596.0,604.0,606.0,611.0,607.0,607.0,607.0,607.0,608.0,602.0,605.0
unmatched_applicants,614.0,562.0,562.0,562.0,562.0,562.0,562.0,562.0,562.0,562.0,562.0,562.0,562.0,562.0,562.0,563.0,562.0,565.0,566.0,565.0,574.0,577.0,583.0,586.0,596.0,595.0,600.0,607.0,606.0,606.0,608.0,610.0,602.0,607.0,611.0,611.0
unmatched_applicants,610.0,562.0,562.0,562.0,562.0,562.0,562.0,562.0,562.0,562.0,562.0,562.0,562.0,562.0,562.0,562.0,562.0,566.0,566.0,566.0,570.0,574.0,583.0,589.0,593.0,596.0,601.0,607.0,610.0,602.0,608.0,605.0,610.0,608.0,605.0,610.0
unmatched_applicants,616.0,562.0,562.0,562.0,562.0,562.0,562.0,562.0,562.0,562.0,562.0,562.0,562.0,562.0,562.0,563.0,565.0,565.0,564.0,566.0,574.0,572.0,580.0,586.0,593.0,597.0,605.0,604.0,611.0,601.0,604.0,604.0,602.0,606.0,602.0,605.0
unmatched_applicants,614.0,562.0,562.0,562.0,562.0,562.0,562.0,562.0,562.0,562.0,562.0,562.0,562.0,562.0,562.0,562.0,562.0,564.0,566.0,566.0,573.0,575.0,582.0,588.0,591.0,592.0,600.0,603.0,604.0,601.0,607.0,605.0,609.0,608.0,608.0,609.0
unmatched_applicants,625.0,562.0,562.0,562.0,562.0,562.0,562.0,562.0,562.0,562.0,562.0,562.0,562.0,562.0,562.0,562.0,562.0,566.0,563.0,565.0,573.0,572.0,580.0,587.0,597.0,601.0,607.0,604.0,608.0,608.0,611.0,600.0,605.0,606.0,610.0,606.0
unmatched_applicants,611.0,562.0,562.0,562.0,562.0,562.0,562.0,562.0,562.0,562.0,562.0,562.0,562.0,562.0,563.0,563.0,564.0,565.0,566.0,565.0,570.0,574.0,583.0,590.0,595.0,599.0,606.0,609.0,601.0,608.0,610.0,602.0,604.0,601.0,602.0,609.0
unfilled_spots,62.0,0.0,0.0,0.0,0.0,0.0,0.0,0.0,0.0,0.0,0.0,0.0,0.0,0.0,0.0,1.0,3.0,4.0,4.0,3.0,9.0,16.0,21.0,24.0,34.0,31.0,36.0,47.0,48.0,40.0,45.0,43.0,44.0,44.0,44.0,48.0
unfilled_spots,55.0,0.0,0.0,0.0,0.0,0.0,0.0,0.0,0.0,0.0,0.0,0.0,0.0,0.0,0.0,1.0,2.0,4.0,3.0,4.0,9.0,14.0,17.0,28.0,34.0,38.0,41.0,43.0,43.0,45.0,40.0,48.0,46.0,40.0,48.0,50.0
unfilled_spots,57.0,0.0,0.0,0.0,0.0,0.0,0.0,0.0,0.0,0.0,0.0,0.0,0.0,0.0,0.0,3.0,0.0,3.0,4.0,4.0,8.0,15.0,23.0,25.0,35.0,37.0,39.0,40.0,40.0,45.0,47.0,46.0,45.0,46.0,41.0,45.0
unfilled_spots,57.0,0.0,0.0,0.0,0.0,0.0,0.0,0.0,0.0,0.0,0.0,0.0,0.0,0.0,0.0,1.0,0.0,4.0,3.0,6.0,7.0,11.0,22.0,23.0,32.0,34.0,42.0,44.0,49.0,45.0,45.0,45.0,45.0,46.0,40.0,43.0
unfilled_spots,52.0,0.0,0.0,0.0,0.0,0.0,0.0,0.0,0.0,0.0,0.0,0.0,0.0,0.0,0.0,1.0,0.0,3.0,4.0,3.0,12.0,15.0,21.0,24.0,34.0,33.0,38.0,45.0,44.0,44.0,46.0,48.0,40.0,45.0,49.0,49.0
unfilled_spots,48.0,0.0,0.0,0.0,0.0,0.0,0.0,0.0,0.0,0.0,0.0,0.0,0.0,0.0,0.0,0.0,0.0,4.0,4.0,4.0,8.0,12.0,21.0,27.0,31.0,34.0,39.0,45.0,48.0,40.0,46.0,43.0,48.0,46.0,43.0,48.0
unfilled_spots,54.0,0.0,0.0,0.0,0.0,0.0,0.0,0.0,0.0,0.0,0.0,0.0,0.0,0.0,0.0,1.0,3.0,3.0,2.0,4.0,12.0,10.0,18.0,24.0,31.0,35.0,43.0,42.0,49.0,39.0,42.0,42.0,40.0,44.0,40.0,43.0
unfilled_spots,52.0,0.0,0.0,0.0,0.0,0.0,0.0,0.0,0.0,0.0,0.0,0.0,0.0,0.0,0.0,0.0,0.0,2.0,4.0,4.0,11.0,13.0,20.0,26.0,29.0,30.0,38.0,41.0,42.0,39.0,45.0,43.0,47.0,46.0,46.0,47.0
unfilled_spots,63.0,0.0,0.0,0.0,0.0,0.0,0.0,0.0,0.0,0.0,0.0,0.0,0.0,0.0,0.0,0.0,0.0,4.0,1.0,3.0,11.0,10.0,18.0,25.0,35.0,39.0,45.0,42.0,46.0,46.0,49.0,38.0,43.0,44.0,48.0,44.0
unfilled_spots,49.0,0.0,0.0,0.0,0.0,0.0,0.0,0.0,0.0,0.0,0.0,0.0,0.0,0.0,1.0,1.0,2.0,3.0,4.0,3.0,8.0,12.0,21.0,28.0,33.0,37.0,44.0,47.0,39.0,46.0,48.0,40.0,42.0,39.0,40.0,47.0
reviews_per_program,427.2181818181818,417.3090909090909,415.6181818181818,346.3272727272727,87.21818181818182,71.0909090909091,85.30909090909091,99.50909090909092,113.74545454545455,127.87272727272727,142.1090909090909,156.01818181818183,169.98181818181817,184.1090909090909,197.9090909090909,211.29090909090908,224.6727272727273,237.5090909090909,250.12727272727273,259.41818181818184,273.76363636363635,286.05454545454546,296.1454545454545,305.6363636363636,316.8363636363636,323.94545454545454,333.6181818181818,339.0,349.8181818181818,353.6545454545454,361.9818181818182,366.8181818181818,375.1090909090909,374.43636363636364,385.43636363636364,388.6181818181818
reviews_per_program,424.09090909090907,408.96363636363634,424.41818181818184,351.0181818181818,108.81818181818181,71.0909090909091,85.30909090909091,99.52727272727273,113.7090909090909,127.9090909090909,142.12727272727273,156.01818181818183,169.8909090909091,184.12727272727273,197.8,210.78181818181818,224.45454545454547,236.8909090909091,248.96363636363637,262.03636363636366,274.4,286.0,297.72727272727275,307.3454545454546,315.43636363636364,328.5090909090909,331.8727272727273,342.8909090909091,348.3090909090909,358.25454545454545,360.54545454545456,368.2181818181818,371.54545454545456,379.4,394.7090909090909,387.23636363636365
reviews_per_program,412.9818181818182,418.8181818181818,418.92727272727274,353.5090909090909,99.56363636363636,71.0909090909091,85.30909090909091,99.52727272727273,113.67272727272727,127.94545454545455,142.1090909090909,156.05454545454546,169.83636363636364,183.92727272727274,197.12727272727273,211.4181818181818,224.6909090909091,238.0909090909091,249.5818181818182,262.74545454545455,274.25454545454545,285.5090909090909,295.74545454545455,308.0181818181818,316.6727272727273,326.8545454545455,329.2181818181818,339.6363636363636,348.94545454545454,355.7818181818182,365.8909090909091,373.56363636363636,377.09090909090907,380.58181818181816,377.09090909090907,380.3090909090909
reviews_per_program,422.96363636363634,416.8727272727273,422.6909090909091,364.1818181818182,103.76363636363637,71.0909090909091,85.2909090909091,99.52727272727273,113.69090909090909,127.92727272727272,141.78181818181818,156.0,170.07272727272726,183.6727272727273,197.8181818181818,211.21818181818182,223.25454545454545,237.74545454545455,251.5090909090909,262.03636363636366,273.6,287.0,298.0,306.5272727272727,313.8727272727273,322.92727272727274,333.96363636363634,340.8363636363636,350.4909090909091,354.05454545454546,367.2,368.03636363636366,374.6181818181818,380.3454545454546,380.09090909090907,385.1090909090909
reviews_per_program,418.5272727272727,415.6545454545454,422.4,343.6727272727273,83.83636363636364,71.0909090909091,85.2909090909091,99.52727272727273,113.7090909090909,127.8,142.12727272727273,156.27272727272728,169.96363636363637,184.05454545454546,198.21818181818182,210.92727272727274,224.2,237.0909090909091,249.0,261.6363636363636,274.3636363636364,285.7090909090909,296.7818181818182,303.92727272727274,316.05454545454546,327.3636363636364,332.7818181818182,347.4,346.6727272727273,358.43636363636364,356.56363636363636,364.7818181818182,377.7818181818182,381.05454545454546,380.3818181818182,385.2
reviews_per_program,404.8,421.4,414.03636363636366,344.41818181818184,95.49090909090908,71.0909090909091,85.30909090909091,99.52727272727273,113.72727272727273,127.78181818181818,141.8909090909091,156.14545454545456,170.27272727272728,183.9090909090909,197.4,211.1090909090909,224.16363636363636,237.3090909090909,250.6909090909091,261.25454545454545,272.43636363636364,285.2181818181818,297.72727272727275,307.3090909090909,318.76363636363635,327.74545454545455,332.45454545454544,345.4909090909091,350.94545454545454,356.92727272727274,363.1090909090909,364.07272727272726,376.2181818181818,382.3636363636364,384.27272727272725,387.0
reviews_per_program,418.6181818181818,412.27272727272725,427.58181818181816,317.6727272727273,92.45454545454545,71.0909090909091,85.30909090909091,99.52727272727273,113.74545454545455,127.78181818181818,142.0,156.2,170.16363636363636,184.0909090909091,197.43636363636364,210.92727272727274,224.92727272727274,237.54545454545453,250.16363636363636,261.2181818181818,274.1454545454545,284.54545454545456,295.8727272727273,307.3090909090909,315.8727272727273,323.74545454545455,331.4,336.27272727272725,345.5090909090909,358.03636363636366,361.8909090909091,377.27272727272725,376.58181818181816,374.90909090909093,384.7090909090909,389.8727272727273
reviews_per_program,423.0181818181818,422.96363636363634,407.3454545454546,353.5272727272727,97.69090909090909,78.96363636363637,85.30909090909091,99.52727272727273,113.74545454545455,127.87272727272727,141.96363636363637,156.21818181818182,169.8909090909091,183.85454545454544,197.74545454545455,211.36363636363637,223.8909090909091,237.8909090909091,249.9090909090909,262.7818181818182,274.05454545454546,284.8909090909091,297.8545454545455,307.05454545454546,314.9818181818182,326.6727272727273,333.1090909090909,340.96363636363634,347.7090909090909,354.4,366.8,372.72727272727275,372.4,380.1818181818182,386.8727272727273,382.9818181818182
reviews_per_program,417.6181818181818,422.72727272727275,415.6909090909091,341.0181818181818,97.12727272727273,71.0909090909091,85.30909090909091,99.52727272727273,113.7090909090909,127.72727272727273,142.0909090909091,156.1090909090909,169.94545454545454,184.0909090909091,196.96363636363637,211.6,224.3272727272727,238.3272727272727,249.54545454545453,262.58181818181816,273.4727272727273,285.58181818181816,298.25454545454545,306.2,312.09090909090907,325.4909090909091,334.3454545454546,342.96363636363634,350.1454545454545,359.2909090909091,362.6727272727273,364.7818181818182,371.8545454545455,377.3636363636364,386.96363636363634,392.8181818181818
reviews_per_program,408.6363636363636,416.3090909090909,423.1454545454545,341.8727272727273,79.2,71.0909090909091,85.2909090909091,99.52727272727273,113.65454545454546,127.87272727272727,141.96363636363637,156.1090909090909,170.07272727272726,184.0,197.61818181818182,211.34545454545454,223.5818181818182,237.25454545454545,250.92727272727274,260.92727272727274,276.5090909090909,287.1636363636364,298.96363636363634,307.09090909090907,313.23636363636365,326.23636363636365,333.6181818181818,340.3090909090909,349.8545454545455,354.2181818181818,364.72727272727275,370.03636363636366,368.5090909090909,376.5090909090909,387.74545454545455,390.5272727272727
pct_interview_given_signal,0.0,1.0,1.0,0.9855072463768116,0.8385549872122762,0.6751918158567775,0.5626598465473146,0.48236798830623057,0.4219948849104859,0.37537324043793546,0.33776867963152507,0.30765645029716815,0.28238314258209435,0.2607149911119889,0.24253559944878272,0.2271749419154978,0.21364408837096382,0.2020975273673735,0.19190230428145671,0.18502943650126155,0.17533373181908746,0.1678001652577385,0.16208251473477406,0.1570493753718025,0.15149776196488007,0.14817309311331875,0.14387705052046432,0.1415929203539823,0.13721413721413722,0.1357256696313814,0.13260334522075443,0.1308550185873606,0.12796277446561,0.12819267747887733,0.12453417614038398,0.12351455038832226
pct_interview_given_signal,0.0,1.0,1.0,0.9936061381074168,0.8369565217391305,0.6751918158567775,0.5626598465473146,0.4822798684691268,0.4221298369043812,0.3752665245202559,0.33772547012920556,0.30765645029716815,0.2825342465753425,0.26068924656857906,0.24266936299292213,0.22772362632623136,0.21385176184690158,0.2026249136541561,0.1927992404878405,0.18318068276436303,0.1749271137026239,0.16783216783216784,0.16122137404580153,0.15617605300520587,0.1521701538993602,0.14611467788355104,0.14463375883416424,0.13998621347897555,0.13780863391971604,0.13398294762484775,0.13313161875945537,0.13035749555599446,0.1291901149987766,0.1265155508697944,0.12160854944953706,0.12395530096722697
pct_interview_given_signal,0.0,1.0,1.0,0.9808184143222506,0.835997442455243,0.6751918158567775,0.5626598465473146,0.4822798684691268,0.42226487523992323,0.3751598692624698,0.33776867963152507,0.30758476057322615,0.2826249866181351,0.2609727164887307,0.24349750968456005,0.22703818369453044,0.21362680045314775,0.2016036655211913,0.19232170175566402,0.18268631928586257,0.17501988862370724,0.16812074125963192,0.16230173367760975,0.1558349566141314,0.1515760463914566,0.1468543138454692,0.14579996686364388,0.14132762312633834,0.13755731554814507,0.1349141455437449,0.13118664281454978,0.12849216392485155,0.12729026036644167,0.1261226829734378,0.12729026036644167,0.1262131280776402
pct_interview_given_signal,0.0,1.0,1.0,0.989769820971867,0.8372762148337596,0.6751918158567775,0.56277979108932,0.4822798684691268,0.42219734527426833,0.3752131893121092,0.3385483457296743,0.3076923076923077,0.28223220012828737,0.26133438922985547,0.2426470588235294,0.22725316346733235,0.21500122159784998,0.20189660446619762,0.19084797224029496,0.18318068276436303,0.17543859649122806,0.1672473867595819,0.1610738255033557,0.1565929177294027,0.1529282280020854,0.14864027926355497,0.1437282229965157,0.1408300437426651,0.1369507703480832,0.13557233091973503,0.13071895424836602,0.13042189506965715,0.128130460104834,0.12620106123619676,0.12628557761301124,0.12464000755393985
pct_interview_given_signal,0.0,1.0,1.0,0.9867860187553282,0.8404731457800512,0.6751918158567775,0.56277979108932,0.4822798684691268,0.4221298369043812,0.3755868544600939,0.33772547012920556,0.30715532286212915,0.28241335044929394,0.2607922552602983,0.24215740231150248,0.22756658908714766,0.21409455842997324,0.20245398773006135,0.1927710843373494,0.1834607366226546,0.1749502982107356,0.16800305460099274,0.16173497518838448,0.15793251974156497,0.15187251912788358,0.14662593723965564,0.14423864940173742,0.1381692573402418,0.13845911784759007,0.13391498427513443,0.13461832644944163,0.13158550565717989,0.12705746462604678,0.1259662181505869,0.1261889967018785,0.12461059190031153
pct_interview_given_signal,0.0,1.0,1.0,0.9812446717817562,0.8407928388746803,0.6751918158567775,0.5626598465473146,0.4822798684691268,0.42206235011990406,0.37564029595902104,0.33828805740645823,0.3074056823474616,0.28190069407367857,0.2609985170538804,0.24316109422492402,0.2273705968478167,0.2141292886689918,0.2022678516702421,0.19147084421235858,0.18372886074187486,0.1761879337960491,0.16829221648498757,0.16122137404580153,0.1561945331913383,0.15058179329226556,0.1464551203816709,0.1443806398687449,0.13893274392169244,0.13677339135840846,0.13448117772910193,0.13219167793300285,0.1318417898521774,0.12758554030543204,0.12553495007132667,0.12491128459900638,0.12403100775193798
pct_interview_given_signal,0.0,1.0,1.0,0.9825234441602728,0.8356777493606138,0.6751918158567775,0.5626598465473146,0.4822798684691268,0.4219948849104859,0.37564029595902104,0.3380281690140845,0.3072983354673495,0.28208141895501654,0.2607407407407407,0.24311630905239892,0.22756658908714766,0.21340231185837846,0.2020665901262916,0.19187440947743295,0.1837544372520359,0.17508953442101075,0.16869009584664538,0.1622319179008173,0.1561945331913383,0.15195993783457087,0.1482646299000337,0.14484007242003621,0.14274128142741282,0.13892543282639583,0.1340645947592931,0.13263665594855306,0.1272289156626506,0.12746234067207415,0.1280310378273521,0.12476960158797674,0.12311710115189106
pct_interview_given_signal,0.0,1.0,1.0,0.9825234441602728,0.8356777493606138,0.6749360613810742,0.5626598465473146,0.4822798684691268,0.4219948849104859,0.37537324043793546,0.33811475409836067,0.30726256983240224,0.2825342465753425,0.2610759493670886,0.24273630011033467,0.2270967741935484,0.2143901250609063,0.20177315805564047,0.19206984357948345,0.18266103923060956,0.1751476149406223,0.1684855447061076,0.16115248443413502,0.15632401705352914,0.1523897483260217,0.1469360494239439,0.14409693794006878,0.14077747560390338,0.13804643380046017,0.13544018058690746,0.13086150490730644,0.12878048780487805,0.1288936627282492,0.12625538020086083,0.12407181126045681,0.12533232054690469
pct_interview_given_signal,0.0,1.0,1.0,0.9880647911338448,0.8347186700767263,0.6751918158567775,0.5626598465473146,0.4822798684691268,0.4221298369043812,0.3758007117437722,0.3378119001919386,0.3074772886093641,0.2824435647801434,0.2607407407407407,0.24369980614788148,0.22684310018903592,0.21397309126276545,0.2014037229173024,0.1923497267759563,0.18280016618196926,0.17552024466458346,0.16807792703889984,0.16093635698610095,0.15676028739386022,0.1538013399359161,0.14746955647413698,0.14356408722605907,0.1399565286539787,0.137085886384879,0.1335964779110369,0.13235072943299744,0.13158550565717989,0.12908273029532563,0.127198265478198,0.12404266315838933,0.1221939365887526
pct_interview_given_signal,0.0,1.0,1.0,0.9880647911338448,0.8414322250639387,0.6751918158567775,0.56277979108932,0.4822798684691268,0.4223324268117101,0.37537324043793546,0.33811475409836067,0.3074772886093641,0.28223220012828737,0.2608695652173913,0.24289263041678166,0.22711631108052305,0.21468650890461088,0.20231435359031344,0.19129048619665243,0.18395930597170929,0.17359284587059443,0.16715208306952006,0.160554643313264,0.15630550621669628,0.1532389133967959,0.14713258652399264,0.14387705052046432,0.14104824491104342,0.13719987527284067,0.13550970126270404,0.13160518444666003,0.12971698113207547,0.13025458851391356,0.12748696156074946,0.12379255369033106,0.12291075003491783
pct_interview_given_nosignal,0.11235476869387581,0.08380694632386107,0.05052829302653205,0.015826296743063933,0.0008617630658488367,0.0,0.0,0.0,0.0,0.0,0.0,0.0,0.0,0.0,0.0,0.0,0.0,0.0,0.0,0.0,0.0,0.0,0.0,0.0,0.0,0.0,0.0,0.0,0.0,0.0,0.0,0.0,0.0,0.0,0.0,0.0
pct_interview_given_nosignal,0.11318327974276528,0.08557873888812123,0.04940539051379769,0.015008742957062367,0.0011272224214787109,0.0,0.0,0.0,0.0,0.0,0.0,0.0,0.0,0.0,0.0,0.0,0.0,0.0,0.0,0.0,0.0,0.0,0.0,0.0,0.0,0.0,0.0,0.0,0.0,0.0,0.0,0.0,0.0,0.0,0.0,0.0
pct_interview_given_nosignal,0.11622787708021484,0.08349436031096931,0.05010010709130698,0.016220095693779905,0.0012657586957622398,0.0,0.0,0.0,0.0,0.0,0.0,0.0,0.0,0.0,0.0,0.0,0.0,0.0,0.0,0.0,0.0,0.0,0.0,0.0,0.0,0.0,0.0,0.0,0.0,0.0,0.0,0.0,0.0,0.0,0.0,0.0
pct_interview_given_nosignal,0.1134849331556549,0.08389776934886661,0.049621840988747466,0.015473699576662937,0.0010321439103509289,0.0,0.0,0.0,0.0,0.0,0.0,0.0,0.0,0.0,0.0,0.0,0.0,0.0,0.0,0.0,0.0,0.0,0.0,0.0,0.0,0.0,0.0,0.0,0.0,0.0,0.0,0.0,0.0,0.0,0.0,0.0
pct_interview_given_nosignal,0.11468786654502802,0.08415236197291544,0.0496584825549197,0.015592764957059925,0.0005427006759090236,0.0,0.0,0.0,0.0,0.0,0.0,0.0,0.0,0.0,0.0,0.0,0.0,0.0,0.0,0.0,0.0,0.0,0.0,0.0,0.0,0.0,0.0,0.0,0.0,0.0,0.0,0.0,0.0,0.0,0.0,0.0
pct_interview_given_nosignal,0.11857707509881422,0.08296494753293146,0.05073557148245945,0.016598732996120413,0.0004922471080482402,0.0,0.0,0.0,0.0,0.0,0.0,0.0,0.0,0.0,0.0,0.0,0.0,0.0,0.0,0.0,0.0,0.0,0.0,0.0,0.0,0.0,0.0,0.0,0.0,0.0,0.0,0.0,0.0,0.0,0.0,0.0
pct_interview_given_nosignal,0.11466296038915914,0.08486730918558444,0.049013802213820436,0.0164740595033194,0.0012846484510104254,0.0,0.0,0.0,0.0,0.0,0.0,0.0,0.0,0.0,0.0,0.0,0.0,0.0,0.0,0.0,0.0,0.0,0.0,0.0,0.0,0.0,0.0,0.0,0.0,0.0,0.0,0.0,0.0,0.0,0.0,0.0
pct_interview_given_nosignal,0.11347030000859623,0.08264756905831591,0.05163147792706334,0.016061753847629093,0.0012858555885262117,5.278994879374967e-05,0.0,0.0,0.0,0.0,0.0,0.0,0.0,0.0,0.0,0.0,0.0,0.0,0.0,0.0,0.0,0.0,0.0,0.0,0.0,0.0,0.0,0.0,0.0,0.0,0.0,0.0,0.0,0.0,0.0,0.0
pct_interview_given_nosignal,0.11493752448952936,0.0826953889976856,0.05051880369970421,0.015970637833548258,0.0014583857178777973,0.0,0.0,0.0,0.0,0.0,0.0,0.0,0.0,0.0,0.0,0.0,0.0,0.0,0.0,0.0,0.0,0.0,0.0,0.0,0.0,0.0,0.0,0.0,0.0,0.0,0.0,0.0,0.0,0.0,0.0,0.0
pct_interview_given_nosignal,0.11746384872080089,0.08401537418042053,0.049564696669584046,0.015589445654805132,0.00039081582804103567,0.0,0.0,0.0,0.0,0.0,0.0,0.0,0.0,0.0,0.0,0.0,0.0,0.0,0.0,0.0,0.0,0.0,0.0,0.0,0.0,0.0,0.0,0.0,0.0,0.0,0.0,0.0,0.0,0.0,0.0,0.0
pct_interview_given_application,0.11235476869387581,0.11502265597769258,0.11549061638741852,0.11442937020501928,0.11551082914023189,0.11363636363636363,0.11282533441600068,0.1158148716823865,0.11425603739288497,0.11671087533156499,0.11650999602806832,0.11279641102328562,0.11386672417511322,0.11551588343397218,0.11432530746578902,0.11568799298860649,0.11680899075262156,0.11415228953171618,0.1162176439513999,0.11887608069164265,0.1167366791952244,0.11336797354747284,0.11428571428571428,0.11562212587045066,0.1141720365004541,0.11504771865603347,0.11488250652741515,0.11669539848826416,0.11518827173960469,0.11657173135514638,0.11465798045602606,0.1157945523926488,0.11441945130672214,0.11561199912415152,0.11401425178147269,0.11464802188734963
pct_interview_given_application,0.11318327974276528,0.11736984839727915,0.11309600308443644,0.11511293276358245,0.1165820269375138,0.11263279150134392,0.11326097215667767,0.1156525167564726,0.11323182500536136,0.1159063968037933,0.11699016219090667,0.11699016219090667,0.11545021209603358,0.11564745049938671,0.116120519023532,0.11556139198949442,0.11434016198189614,0.11641238204427198,0.11710952402076033,0.11595221363316936,0.11490750816104461,0.11476763900360823,0.1137195778591428,0.1146430432516936,0.11654085551582571,0.11350933012296845,0.115743785347889,0.11610519834638051,0.11541992742534866,0.11413748378728923,0.11597258829731154,0.11440953412784399,0.11618184218633103,0.11524358302776323,0.11107838599739134,0.11489750620185403
pct_interview_given_application,0.11622787708021484,0.11460820490557846,0.11457836031422247,0.11356792566463048,0.11538965863892653,0.11294600838538547,0.11459825498111734,0.11456344384655441,0.11368529842390836,0.11487750750620078,0.11487750750620078,0.11497757066329864,0.11442937020501928,0.11325125477242504,0.11602865556190392,0.11390111312451462,0.11328041192877066,0.11544011544011544,0.11272898074213246,0.11528384279475982,0.11521843494959194,0.11494753341751208,0.11560187415159609,0.11343617066987496,0.1151430565247732,0.11497256336556048,0.11887608069164265,0.1139650334556443,0.11561199912415152,0.11669539848826416,0.1136119120368378,0.11344104503265727,0.1136608257631205,0.11616139393672724,0.11766278914293354,0.1166335321404904
pct_interview_given_application,0.1134849331556549,0.1151430565247732,0.11355815554026152,0.11529894746036598,0.11246485473289597,0.11288322572369265,0.11691762621789194,0.11470281543274244,0.11491250979367981,0.1159063968037933,0.11539974647025397,0.11680382267056012,0.11466794075489728,0.11436988259758264,0.11757894268026545,0.11337771097272922,0.11545526108632904,0.11321240190402676,0.11230697239120262,0.11343129672596029,0.11482754121177852,0.11036789297658862,0.11256075722691225,0.1130717834504026,0.11626370722684634,0.1160133591140798,0.11446409989594172,0.11543506777437691,0.11475267321568286,0.11541992742534866,0.11424614851999308,0.11612562681446292,0.11495754408883083,0.11396995337592816,0.11654085551582571,0.11573363728025952
pct_interview_given_application,0.11468786654502802,0.11548051266348804,0.11363636363636363,0.11384708266850661,0.11283497884344147,0.11364125521931902,0.11448395490026018,0.11540983606557377,0.11467790278441423,0.1142313184198001,0.11452865385449655,0.11405365706139024,0.11491250979367981,0.11518324607329843,0.11361680151489069,0.11621252806268434,0.11478759946084613,0.11604395604395605,0.11687104342821727,0.115077808290833,0.11440953412784399,0.11609498680738786,0.11298467859282718,0.1162432301527894,0.11566265060240964,0.11330472103004292,0.1165460003531697,0.11229741801012379,0.11776776553508499,0.11424120472543164,0.1172187194742918,0.1167366791952244,0.11334363730036064,0.11435006713735002,0.1169642461565726,0.11625346778810164
pct_interview_given_application,0.11857707509881422,0.11390602752728998,0.11593184612682242,0.11625346778810164,0.11261357334812097,0.11270972975280708,0.11340693328751235,0.11609498680738786,0.11470779926135129,0.11744817154551117,0.11546536039188243,0.11641751554438418,0.11275305372853849,0.11488250652741515,0.11557656947727869,0.11583519810451494,0.11494753341751208,0.1148575157711551,0.11311053984575835,0.11525867714472822,0.11563731931668857,0.1147925906600574,0.11365593249526433,0.1156677181913775,0.11235476869387581,0.11378819878453515,0.11534932494429152,0.11306209850107066,0.11310569384345144,0.11455350169226763,0.11661807580174927,0.11781506604784006,0.11449885067441558,0.11425603739288497,0.1151229722658294,0.11468786654502802
pct_interview_given_application,0.11466296038915914,0.11642778390297685,0.11225921673682868,0.11639698425995326,0.11297984336885351,0.11349957007738606,0.11682449774316311,0.11303305360506936,0.11492751730442732,0.11520335137022168,0.11351909184726522,0.11461318051575932,0.11428076706636077,0.11694352159468438,0.11471776821796376,0.1178413605320716,0.11467790278441423,0.11214476870141456,0.11513803480308779,0.11443929082318263,0.11411281607953318,0.11450878334417697,0.11428571428571428,0.11380781997672113,0.11594712108568668,0.11462313303230288,0.11662322745946901,0.11825837663501165,0.11897251013970257,0.1142263759086189,0.11488750598372427,0.11213524189780402,0.11411774876804703,0.11585044760400211,0.11429561000952464,0.11362169141381537
pct_interview_given_application,0.11347030000859623,0.1134849331556549,0.11783610069630424,0.11377839072533724,0.1130717834504026,0.11552093817004332,0.1151430565247732,0.11320754716981132,0.11306209850107066,0.11357281135728113,0.11420166976683825,0.114305507447177,0.11527377521613832,0.11456344384655441,0.11395027624309392,0.11362658173366617,0.11439466158245949,0.11714070195678218,0.11499760421657883,0.11333877130468381,0.1166283795723626,0.11454853126220332,0.11373917539097841,0.1162227602905569,0.11434016198189614,0.11496755650394112,0.11627906976744186,0.11606436296491691,0.11461815655798202,0.11463308727746417,0.11424614851999308,0.11401917595231925,0.11561199912415152,0.11538965863892653,0.11306209850107066,0.11764181631834589
pct_interview_given_application,0.11493752448952936,0.1135483870967742,0.11547041070725626,0.11729162964279367,0.11471776821796376,0.11623811201127157,0.1147227533460803,0.11417697431018078,0.1157945523926488,0.1152335224792667,0.11267124749263796,0.11386181316311568,0.11555127587867116,0.1178413605320716,0.1193274272283493,0.11466794075489728,0.11786240457163266,0.11505774678579211,0.1159063968037933,0.11432530746578902,0.11267605633802817,0.11370978162553301,0.11296534017971759,0.1131202330962379,0.11691762621789194,0.11473272490221642,0.11501263396357933,0.11481755316835558,0.11411774876804703,0.11524861396079801,0.11618184218633103,0.11619206901104705,0.1156525167564726,0.1157590107866351,0.1142263759086189,0.11280123055887882
pct_interview_given_application,0.11746384872080089,0.11529894746036598,0.11343617066987496,0.11477761836441894,0.11187388761759472,0.11634056054997356,0.1160133591140798,0.11441449250238364,0.11359235833225764,0.11204957344764653,0.11314932281844677,0.11347030000859623,0.11428571428571428,0.11239782016348773,0.1145385916959521,0.11131725417439703,0.1138225403121497,0.11572349099197826,0.11504771865603347,0.11407829919626652,0.11348005502063274,0.11446906300134414,0.11455350169226763,0.11557150987173313,0.11670055697993104,0.11329985837517703,0.11583011583011583,0.1151229722658294,0.11176022352044704,0.11645859985001544,0.11404872991187144,0.11342155009451796,0.11733854837992799,0.11510791366906475,0.1139650334556443,0.11402902557014513
pct_of_app_match_via_signal_given_matched,0.0,1.0,1.0,1.0,1.0,1.0,1.0,1.0,1.0,1.0,1.0,1.0,1.0,1.0,1.0,1.0,1.0,1.0,1.0,1.0,1.0,1.0,1.0,1.0,1.0,1.0,1.0,1.0,1.0,1.0,1.0,1.0,1.0,1.0,1.0,1.0
pct_of_app_match_via_signal_given_matched,0.0,1.0,1.0,1.0,1.0,1.0,1.0,1.0,1.0,1.0,1.0,1.0,1.0,1.0,1.0,1.0,1.0,1.0,1.0,1.0,1.0,1.0,1.0,1.0,1.0,1.0,1.0,1.0,1.0,1.0,1.0,1.0,1.0,1.0,1.0,1.0
pct_of_app_match_via_signal_given_matched,0.0,1.0,1.0,1.0,1.0,1.0,1.0,1.0,1.0,1.0,1.0,1.0,1.0,1.0,1.0,1.0,1.0,1.0,1.0,1.0,1.0,1.0,1.0,1.0,1.0,1.0,1.0,1.0,1.0,1.0,1.0,1.0,1.0,1.0,1.0,1.0
pct_of_app_match_via_signal_given_matched,0.0,1.0,1.0,1.0,1.0,1.0,1.0,1.0,1.0,1.0,1.0,1.0,1.0,1.0,1.0,1.0,1.0,1.0,1.0,1.0,1.0,1.0,1.0,1.0,1.0,1.0,1.0,1.0,1.0,1.0,1.0,1.0,1.0,1.0,1.0,1.0
pct_of_app_match_via_signal_given_matched,0.0,1.0,1.0,1.0,1.0,1.0,1.0,1.0,1.0,1.0,1.0,1.0,1.0,1.0,1.0,1.0,1.0,1.0,1.0,1.0,1.0,1.0,1.0,1.0,1.0,1.0,1.0,1.0,1.0,1.0,1.0,1.0,1.0,1.0,1.0,1.0
pct_of_app_match_via_signal_given_matched,0.0,1.0,1.0,1.0,1.0,1.0,1.0,1.0,1.0,1.0,1.0,1.0,1.0,1.0,1.0,1.0,1.0,1.0,1.0,1.0,1.0,1.0,1.0,1.0,1.0,1.0,1.0,1.0,1.0,1.0,1.0,1.0,1.0,1.0,1.0,1.0
pct_of_app_match_via_signal_given_matched,0.0,1.0,1.0,1.0,1.0,1.0,1.0,1.0,1.0,1.0,1.0,1.0,1.0,1.0,1.0,1.0,1.0,1.0,1.0,1.0,1.0,1.0,1.0,1.0,1.0,1.0,1.0,1.0,1.0,1.0,1.0,1.0,1.0,1.0,1.0,1.0
pct_of_app_match_via_signal_given_matched,0.0,1.0,1.0,1.0,1.0,1.0,1.0,1.0,1.0,1.0,1.0,1.0,1.0,1.0,1.0,1.0,1.0,1.0,1.0,1.0,1.0,1.0,1.0,1.0,1.0,1.0,1.0,1.0,1.0,1.0,1.0,1.0,1.0,1.0,1.0,1.0
pct_of_app_match_via_signal_given_matched,0.0,1.0,1.0,1.0,1.0,1.0,1.0,1.0,1.0,1.0,1.0,1.0,1.0,1.0,1.0,1.0,1.0,1.0,1.0,1.0,1.0,1.0,1.0,1.0,1.0,1.0,1.0,1.0,1.0,1.0,1.0,1.0,1.0,1.0,1.0,1.0
pct_of_app_match_via_signal_given_matched,0.0,1.0,1.0,1.0,1.0,1.0,1.0,1.0,1.0,1.0,1.0,1.0,1.0,1.0,1.0,1.0,1.0,1.0,1.0,1.0,1.0,1.0,1.0,1.0,1.0,1.0,1.0,1.0,1.0,1.0,1.0,1.0,1.0,1.0,1.0,1.0
